<?xml version='1.0' encoding='utf-8'?>
<root><entity><products><id>1</id><product_name>apple</product_name><product_price>5.0</product_price></products><products><id>2</id><product_name>orange</product_name><product_price>10.0</product_price></products><products><id>3</id><product_name>feijoa</product_name><product_price>50.0</product_price></products></entity><entity><services><id>1</id><service_name>delivery</service_name><service_price>100.0</service_price><product_id>1</product_id></services><services><id>2</id><service_name>delivery</service_name><service_price>100.0</service_price><product_id>2</product_id></services><services><id>3</id><service_name>delivery</service_name><service_price>100.0</service_price><product_id>3</product_id></services></entity><entity><orders><order_id>1</order_id><client_name>Diana</client_name><address>Mira 46</address><total_cost>105.0</total_cost><service_id>1</service_id></orders><orders><order_id>2</order_id><client_name>Anna</client_name><address>Dostoevskogo 88</address><total_cost>110.0</total_cost><service_id>2</service_id></orders><orders><order_id>3</order_id><client_name>Margarita</client_name><address>Moskovskaya 84</address><total_cost>150.0</total_cost><service_id>3</service_id></orders></entity></root>