<?xml version='1.0' encoding='utf-8'?>
<root><entity><products><id>1</id><product_name>lemon</product_name><product_price>10.0</product_price></products></entity><entity><services><id>1</id><service_name>delivery</service_name><service_price>100.0</service_price></services></entity><entity><orders><order_id>1</order_id><client_name>Diana</client_name><address>Garazhnaya 131</address><total_cost>1233.0</total_cost><service_id>2</service_id><product_id>1</product_id></orders><orders><order_id>2</order_id><client_name>Elena</client_name><address>Mira 46</address><total_cost>123.0</total_cost><service_id>2</service_id><product_id>1</product_id></orders></entity></root>